movie_id,title,genre,duration,description,base_price,poster_path
M001,Avatar: Fire and Ash,Khoa học viễn tưởng / Hành động,190,Mô tả phim Avatar: Fire and Ash,95000.0,https://m.media-amazon.com/images/M/MV5BZDYxY2I1OGMtN2Y4MS00ZmU1LTgyNDAtODA0MzAyYjI0N2Y2XkEyXkFqcGc@._V1_.jpg
M002,Lật Mặt 8: Vòng Tay Nắng ,Hành động / Tâm lý,120,Mô tả phim Lật Mặt 8: Vòng Tay Nắng,95000.0,https://www.bhdstar.vn/wp-content/uploads/2025/04/referenceSchemeHeadOfficeallowPlaceHoldertrueheight700ldapp-7.png
M003,Kẻ Ăn Hồn 2,Kinh dị / Cổ trang,115,Mô tả phim Kẻ Ăn Hồn 2,95000.0,https://iguov8nhvyobj.vcdn.cloud/media/catalog/product/cache/1/image/c5f0a1eff4c394a251036189ccddaacd/7/0/70x100-teaser_kah_poster.jpg
M004,Sonic the Hedgehog 3,Hoạt hình / Hài hước,105,Mô tả phim Sonic the Hedgehog 3,95000.0,https://iguov8nhvyobj.vcdn.cloud/media/catalog/product/cache/1/image/c5f0a1eff4c394a251036189ccddaacd/s/t/sth3_poster_470x700.jpg
M005,Chị Chị Em Em 3,Tâm lý / Giật gân,110,Mô tả phim Chị Chị Em Em 3,95000.0,https://touchcinema.com/medias/hinhphim2025/711643345-1416786513823729-2778982691095192386-n-poster.jpg
M006,Kraven the Hunter,Hành động / Siêu anh hùng,125,Mô tả phim Kraven the Hunter,95000.0,https://iguov8nhvyobj.vcdn.cloud/media/catalog/product/cache/1/image/c5f0a1eff4c394a251036189ccddaacd/3/5/350x495-kraven.jpg
M007,Quỷ Cẩu,Kinh dị / Tâm linh,105,Mô tả phim Quỷ Cẩu,95000.0,https://iguov8nhvyobj.vcdn.cloud/media/catalog/product/cache/1/image/c5f0a1eff4c394a251036189ccddaacd/7/0/700x1000_5__1.jpg
M008,Mufasa: The Lion King,Hoạt hình / Phiêu lưu,118,Mô tả phim Mufasa: The Lion King,95000.0,https://iguov8nhvyobj.vcdn.cloud/media/catalog/product/cache/3/image/c5f0a1eff4c394a251036189ccddaacd/c/g/cgv_350x495_1_.jpg
M009,Ga Tử Thần,Kinh dị / Bí ẩn,110,Mô tả phim Ga Tử Thần,95000.0,https://iguov8nhvyobj.vcdn.cloud/media/catalog/product/cache/1/image/c5f0a1eff4c394a251036189ccddaacd/4/7/470wx700h_2.jpg
M010,Cô Dâu Hào Môn,Hài hước / Tâm lý,115,Mô tả phim Cô Dâu Hào Môn,95000.0,https://iguov8nhvyobj.vcdn.cloud/media/catalog/product/cache/1/image/c5f0a1eff4c394a251036189ccddaacd/c/g/cgv_457x590.jpg
M011,Nhà Bà Nữ,Gia đình / Hài hước,125,Mô tả phim Nhà Bà Nữ,95000.0,https://iguov8nhvyobj.vcdn.cloud/media/catalog/product/cache/1/image/c5f0a1eff4c394a251036189ccddaacd/n/b/nbn_main-poster_2_1_.jpg
M012,Cua Lại Vợ Bầu 2,Tình cảm / Hài hước,115,Mô tả phim Cua Lại Vợ Bầu 2,95000.0,https://iguov8nhvyobj.vcdn.cloud/media/catalog/product/cache/1/image/c5f0a1eff4c394a251036189ccddaacd/1/6/160_12_2.jpg
M013,Captain America: Brave New World,Hành động / Siêu anh hùng,135,Mô tả phim Captain America: Brave New World,95000.0,https://iguov8nhvyobj.vcdn.cloud/media/catalog/product/cache/1/image/c5f0a1eff4c394a251036189ccddaacd/c/a/captain_america_th_gi_i_m_i_-_official_poster.jpg
M014,Nụ Hôn Bạc Tỷ,Kinh dị / Tình cảm,100,Mô tả phim Bạc Tỷ,95000.0,https://iguov8nhvyobj.vcdn.cloud/media/catalog/product/cache/1/image/c5f0a1eff4c394a251036189ccddaacd/n/_/n_h_n_b_c_t_-_payoff_poster_social_-_kc_m_ng_1_t_t_2025.jpg
M015,Tấm Cám: Chuyện Chưa Kể,Cổ trang / Thần thoại,120,Mô tả phim Tấm Cám: Chuyện Chưa Kể,95000.0,https://vcdn1-giaitri.vnecdn.net/2016/08/22/poster-phim-tam-cam-ngo-thanh-5750-9241-1471852752.jpg?w=680&h=0&q=100&dpr=2&fit=crop&s=F9At3SBeKxbU1FBWi692MQ
M016,Mai,Tâm lý / Tình cảm,130,Mô tả phim Mai,95000.0,https://encrypted-tbn0.gstatic.com/images?q=tbn:ANd9GcTVZ8re1QHpEcXIqLjozS7uJp6-NOWlZA6ja-WRfUKuZDTMFxuq54WGuLV4Gy9rhQfw08P7ctgs1TSLY7Qi7BCcWFmx4w_7uqjYremHW_T7&s=10
M017,Paddington in Peru,Gia đình / Hài hước,105,Mô tả phim Paddington in Peru,95000.0,https://encrypted-tbn0.gstatic.com/images?q=tbn:ANd9GcRqGKdOZ71Vc9xxFMdNUzYFF1oBR6rDm7GxnKEqw1IxaqijGT5Snp77a6GrM9h5IUmh3meK5USXoAtqU0hBxgLYCiROW1HDVFDuQRlXXECf&s=10
M018,The Conjuring: Last Rites,Kinh dị / Siêu nhiên,118,Mô tả phim The Conjuring: Last Rites,95000.0,https://iguov8nhvyobj.vcdn.cloud/media/catalog/product/cache/1/image/c5f0a1eff4c394a251036189ccddaacd/v/n/vn_cjrlr_insta_vert_main_1638x2048_intl.jpg
M019,Trạng Tí,Hoạt hình / Cuộc phiêu lưu,100,Mô tả phim Trạng Tí,95000.0,https://media.baovanhoa.vn/zoom/1000/Portals/0/thuytrang/wPoster%20Trang-Ti.jpg
M020,Tên Cậu Là Gì,Tình cảm / Lãng mạn,110,Mô tả phim Tên Cậu Là Gì,95000.0,https://iguov8nhvyobj.vcdn.cloud/media/catalog/product/cache/1/thumbnail/240x388/c88460ec71d04fa96e628a21494d2fd3/y/o/your_name_localized_adaptation_social_470_x_700.jpg
M021,Quật Mộ Trùng Ma,Kinh dị / Bí ẩn,135,Mô tả phim Quật Mộ Trùng Ma,95000.0,https://encrypted-tbn0.gstatic.com/images?q=tbn:ANd9GcQyK-CmHmM1JCVFA4XjK71W5SExHyQu16LifRFaZ8kGedwfB1UHeTK6mcPQt_XFS3aUBi3jC3E4HiHB-WLL23faf5HxUHeiRETtSoyxy9DxZw&s=10
M022,Mickey 17,Khoa học viễn tưởng / Tâm lý,130,Mô tả phim Mickey 17,95000.0,https://iguov8nhvyobj.vcdn.cloud/media/catalog/product/cache/1/image/c5f0a1eff4c394a251036189ccddaacd/3/5/350x495-mickey.jpg
M023,Ma Da,Kinh dị / Văn hóa,110,Mô tả phim Ma Da,95000.0,https://iguov8nhvyobj.vcdn.cloud/media/catalog/product/cache/1/image/c5f0a1eff4c394a251036189ccddaacd/3/5/350x495-mada.jpg
M024,Thám Tử Lừng Danh Conan: Movie 28,Hoạt hình / Trinh thám,110,Mô tả phim Thám Tử Lừng Danh Conan: Movie 28,95000.0,https://cdn.moveek.com/storage/media/cache/tall/68566c500fca9066095928.jpg
M025,Đất Rừng Phương Nam,Lịch sử / Tâm lý,135,Mô tả phim Đất Rừng Phương Nam,95000.0,https://upload.wikimedia.org/wikipedia/vi/8/8c/%C4%90%E1%BA%A5t_r%E1%BB%ABng_ph%C6%B0%C6%A1ng_Nam_-_Official_poster.jpg
M026,Án Mạng Trên Sông NILE,Trinh thám / Giật gân,115,Mô tả phim Án Mạng Trên Sông NILE,95000.0,https://iguov8nhvyobj.vcdn.cloud/media/catalog/product/cache/1/image/1800x/71252117777b696995f01934522c402d/d/e/death_on_the_nile_poster.jpg
M027,The Batman Part II,Hành động / Tội phạm,160,Mô tả phim The Batman Part II,95000.0,https://m.media-amazon.com/images/M/MV5BMDlkYmJlNmEtMjg5NC00MTk2LThiOGYtYTAyZGI5ZGRjMDA2XkEyXkFqcGc@._V1_FMjpg_UX1000_.jpg
M028,Kính Vạn Hoa,Gia đình / Phiêu lưu,110,Mô tả phim Kính Vạn Hoa,95000.0,https://iguov8nhvyobj.vcdn.cloud/media/catalog/product/cache/1/image/c5f0a1eff4c394a251036189ccddaacd/3/5/350x495-kvh.jpg
M029,Rừng Thế Mạng,Sinh tồn / Giật gân,100,Mô tả phim Rừng Thế Mạng,95000.0,https://iguov8nhvyobj.vcdn.cloud/media/catalog/product/cache/1/image/c5f0a1eff4c394a251036189ccddaacd/r/t/rtm_poster_final_1023.jpg
M030,Snow White,Nhạc kịch / Thần thoại,120,Mô tả phim Snow White,95000.0,https://upload.wikimedia.org/wikipedia/vi/4/4f/SNOW_WHITE_%E2%80%93_Vietnam_poster.jpg
M031,Fast X: Part 2,Hành động / Đua xe,145,Mô tả phim Fast X: Part 2,95000.0,https://spcdn.shortpixel.ai/spio/ret_img,q_cdnize,to_webp,s_webp/www.flickeringmyth.com/wp-content/uploads/2023/03/Fast-X-poster-2-600x950.jpg
M032,Thanh Gươm Diệt Quỷ: Vô Hạn Thành,Hoạt hình / Hành động,120,Mô tả phim Thanh Gươm Diệt Quỷ: Vô Hạn Thành,95000.0,https://iguov8nhvyobj.vcdn.cloud/media/catalog/product/cache/1/image/c5f0a1eff4c394a251036189ccddaacd/d/s/dsic_theatricalposters_kv_us_ca_vie_1080x1600.jpg
M033,Vây Hãm: Kẻ Trừng Phạt,Hành động / Tội phạm,110,Mô tả phim Vây Hãm: Kẻ Trừng Phạt,95000.0,https://encrypted-tbn1.gstatic.com/images?q=tbn:ANd9GcQprZFHUzORH1V2j21GJQFQRxRQEBFyzWv_263uCPU7WfqeGzm0
M034,Cám,Kinh dị / Tâm lý,115,Mô tả phim Cám,95000.0,https://m.media-amazon.com/images/M/MV5BNzZjNTFmM2UtMWExMi00YTY3LTg2NzAtYTMxYzYwZmZkZDIyXkEyXkFqcGc@._V1_FMjpg_UX1000_.jpg
M035,Five Nights at Freddy's 2,Kinh dị / Giật gân,110,Mô tả phim Five Nights at Freddy's 2,95000.0,https://iguov8nhvyobj.vcdn.cloud/media/catalog/product/cache/1/image/c5f0a1eff4c394a251036189ccddaacd/f/n/fnaf2-470x700.jpg
M036,Hồn Papa Da Con Gái,Hài hước / Gia đình,105,Mô tả phim Hồn Papa Da Con Gái,95000.0,https://iguov8nhvyobj.vcdn.cloud/media/catalog/product/cache/1/image/c5f0a1eff4c394a251036189ccddaacd/m/a/mainposter160.jpg
M037,The Super Mario Bros. Movie 2,Hoạt hình / Trẻ em,100,Mô tả phim The Super Mario Bros. Movie 2,95000.0,https://people.com/thmb/tfxAbZcBP7klUjCSSLJgoinXtBM=/4000x0/filters:no_upscale():max_bytes(150000):strip_icc():focal(499x0:501x2):format(webp)/The-Super-Mario-Galaxy-Movie-091225-8d997ac13bbd4365b9b531a3dfd06540.jpg
M038,Ma Xó,Tâm lý / Kinh dị,110,Mô tả phim Ma Xó,95000.0,https://iguov8nhvyobj.vcdn.cloud/media/catalog/product/cache/1/thumbnail/240x388/c88460ec71d04fa96e628a21494d2fd3/8/5/856p_mx_teaser_poster_digital_w700xh1000px.jpg
M039,Lớp Học Ám Sát,Hoạt Hình,130,Mô tả phim Lớp Học Ám Sát,95000.0,https://iguov8nhvyobj.vcdn.cloud/media/catalog/product/cache/1/thumbnail/240x388/c88460ec71d04fa96e628a21494d2fd3/3/5/350x495-assassin.jpg
M040,Minecraft: The Movie,Phiêu lưu / Hài hước,105,Mô tả phim Minecraft: The Movie,95000.0,https://encrypted-tbn0.gstatic.com/images?q=tbn:ANd9GcSea6dl1Etn0kjvkeX8LtRt2NH6OykJw_z8_vgIgX8DlVuGOmoeNpWqhY-L4AHtm61Y2idKlUqYaioJeqIPN5Iy3tFZyVWKcxIpYua0eqHU5g&s=10
M041,Spider-Man: Beyond the Spider-Verse,Hoạt hình / Siêu anh hùng,140,Mô tả phim Spider-Man: Beyond the Spider-Verse,95000.0,https://encrypted-tbn2.gstatic.com/images?q=tbn:ANd9GcQceqUE0H2rzkYIkqB4xJiAW3sfgXHTT3TH7BgP80UFfKBmsLCT
M042,Đồ Đáng Yêu: Phương Anh,Hành động / Võ thuật,125,Mô tả phim Đồ Đáng Yêu: Phương Anh,95000.0,https://i.ibb.co/5XWkzQGK/image.png
M043,Doraemon: Nobita và Cuộc Phiêu Lưu Vào Thế Giới Trong Tranh,Hoạt hình / Phiêu lưu,105,Mô tả phim Doraemon: Nobita và Cuộc Phiêu Lưu Vào Thế Giới Trong Tranh,95000.0,https://iguov8nhvyobj.vcdn.cloud/media/catalog/product/cache/1/image/c5f0a1eff4c394a251036189ccddaacd/c/o/copy_of_250220_dr25_main_b1_localized_embbed_1_.jpg
M044,Đại Tiệc Trăng Máu 8,Tâm lý / Hài đen,110,Mô tả phim Đại Tiệc Trăng Máu 8,95000.0,https://iguov8nhvyobj.vcdn.cloud/media/catalog/product/cache/1/image/c5f0a1eff4c394a251036189ccddaacd/3/5/350x495-dttm.jpg
M045,Scream 7,Kinh dị / Giật gân,115,Mô tả phim Scream 7,95000.0,https://iguov8nhvyobj.vcdn.cloud/media/catalog/product/cache/1/image/c5f0a1eff4c394a251036189ccddaacd/s/c/sc7_burnposter_470x700.jpg
M046,Superman,Hành động / Siêu anh hùng,145,Mô tả phim Superman,95000.0,https://iguov8nhvyobj.vcdn.cloud/media/catalog/product/cache/1/image/c5f0a1eff4c394a251036189ccddaacd/p/o/poster_payoff_superman_1.jpg
M047,Đảo Độc Đắc,Kinh dị / Sinh tồn,100,Mô tả phim Đảo Độc Đắc,95000.0,https://encrypted-tbn3.gstatic.com/images?q=tbn:ANd9GcSsLuRIXgYy75_w23dasfp1Nvqqe4W6zEohK_5Ky9TvPLn8UEKj
M048,Kẻ Kiến Tạo (The Creator),Khoa học viễn tưởng,135,Mô tả phim Kẻ Kiến Tạo (The Creator),95000.0,https://iguov8nhvyobj.vcdn.cloud/media/catalog/product/cache/1/image/c5f0a1eff4c394a251036189ccddaacd/r/s/rsz_social_poster.jpg
M049,Bố Già,Gia đình / Tâm lý,125,Mô tả phim Bố Già,95000.0,https://iguov8nhvyobj.vcdn.cloud/media/catalog/product/cache/1/image/c5f0a1eff4c394a251036189ccddaacd/1/2/1200x1800.jpg
M050,Dune: Messiah,Khoa học viễn tưởng / Phiêu lưu,165,Mô tả phim Dune: Messiah,95000.0,https://upload.wikimedia.org/wikipedia/commons/thumb/d/d5/Dune_Messiah_%281969%29_cover.jpg/500px-Dune_Messiah_%281969%29_cover.jpg
M051,Toy Story 5,Hoạt hình / Gia đình,100,Mô tả phim Toy Story 5,95000.0,https://iguov8nhvyobj.vcdn.cloud/media/catalog/product/cache/1/image/c5f0a1eff4c394a251036189ccddaacd/p/o/poster_cau_chuyen_do_choi_5_.jpg
M052,28 Years Later,Kinh dị / Hậu tận thế,115,Mô tả phim 28 Years Later,95000.0,https://iguov8nhvyobj.vcdn.cloud/media/catalog/product/cache/1/image/c5f0a1eff4c394a251036189ccddaacd/2/8/28yl_uk_online_1080x1350_black-hazard_05.jpg
M053,Giải Mã Bí Ẩn Ngân Hà,Kinh dị / Tâm linh,100,Mô tả phim Giải Mã Bí Ẩn Ngân Hà,95000.0,https://iguov8nhvyobj.vcdn.cloud/media/catalog/product/cache/1/image/c5f0a1eff4c394a251036189ccddaacd/a/d/ad_astra_poster_campb_layer.jpg
M054,Moana 2,Hoạt hình / Nhạc kịch,105,Mô tả phim Moana 2,95000.0,https://iguov8nhvyobj.vcdn.cloud/media/catalog/product/cache/1/image/c5f0a1eff4c394a251036189ccddaacd/c/g/cgv_1200x1800.jpg
M055,Chuyện Ma Gần Nhà,Kinh dị / Văn hóa,105,Mô tả phim Chuyện Ma Gần Nhà,95000.0,https://iguov8nhvyobj.vcdn.cloud/media/catalog/product/cache/1/image/c5f0a1eff4c394a251036189ccddaacd/t/e/teaser_poster_cmgn_digital_1_.jpg
M056,The Fantastic Four: First Steps,Hành động / Siêu anh hùng,135,Mô tả phim The Fantastic Four: First Steps,95000.0,https://iguov8nhvyobj.vcdn.cloud/media/catalog/product/cache/1/image/c5f0a1eff4c394a251036189ccddaacd/c/g/cgv_350x495.jpg
M057,Zootopia 2,Hoạt hình / Hài hước,105,Mô tả phim Zootopia 2,95000.0,https://iguov8nhvyobj.vcdn.cloud/media/catalog/product/cache/1/image/c5f0a1eff4c394a251036189ccddaacd/c/g/cgv_350x495_1_1.jpg
M058,Bông Đẹp Quá Kìa,Giật gân / Sinh tồn,105,Mô tả phim Bông Đẹp Quá Kìa,95000.0,https://i.ibb.co/whk2GxCm/image.png
M059,Phương Anh Là Mặt Trời Nhỏ,Tình cảm / Lãng mạn,145,Mô tả phim Phương Anh Là Mặt Trời Nhỏ,95000.0,https://i.postimg.cc/3NLQ1HXM/image.png
M060,Pororo,Khoa học viễn tưởng / Kinh dị,120,Mô tả phim Pororo,95000.0,https://m.media-amazon.com/images/M/MV5BM2M4NDUyYzYtYmQyNi00MTA2LTg3NzYtYzA0ZDViMDVjZDYwXkEyXkFqcGc@._V1_FMjpg_UX1000_.jpg
M1780685872,"Trùng sinh, tôi được A+ DSA","Hành động, Tâm lý",180,,2400000,https://i.ibb.co/p630Mw26/fa30c351-98d8-48c6-8cd4-4db1759c63c9.png
